average,median,10th percentile,90th percentile,round_number
0.0033076074972436605,0.0,0.0,0.023928571428571438,0
0.5628445424476296,0.5783972125435539,0.38846153846153847,0.7227272727272728,10
0.711962513781698,0.7142857142857143,0.49883720930232556,0.8721153846153846,20
0.7483461962513782,0.7533783783783784,0.5773026315789473,0.8947368421052632,30
0.7353914002205072,0.7533783783783784,0.536996336996337,0.8947368421052632,40
