{"meter": 39.37007874015748, "m": 39.37007874015748, "milimeter": 0.03937007874015748, "mm": 0.03937007874015748, "inch": 1.0, "in": 1.0, "international_foot": 12.000000000000002, "foot": 12.000000000000002, "ft": 12.000000000000002, "us_survey_foot": 12.000024015748034, "s_foot": 12.000024015748034, "s_ft": 12.000024015748034, "international_yard": 36.0, "yard": 36.0, "yd": 36.0, "kilogram": 2.2046226218487757, "kg": 2.2046226218487757, "pound_mass": 1.0, "lb": 1.0, "newton": 0.2248089430997105, "N": 0.2248089430997105, "pound_force": 1.0, "lbf": 1.0, "kip": 999.9999965693032, "hertz": 1.0, "Hz": 1.0, "radian": 1.0, "rad": 1.0, "arc_degree": 0.174533, "deg": 0.174533, "gravity": 386.08858267716533}