average,median,10th percentile,90th percentile,round_number
0.0027230833682446586,0.0,0.0,0.0,0
0.6867057673509286,0.6944444444444444,0.5,0.8372721558768071,20
0.756668063119676,0.7674418604651163,0.585919540229885,0.8857792207792208,40
0.7924172601591957,0.8055555555555556,0.6409230769230769,0.9025177025963809,60
0.8142019271051529,0.8205128205128205,0.6754901960784314,0.921255060728745,80
0.8094539868733417,0.8205128205128205,0.6666666666666666,0.925,100
