average,median,10th percentile,90th percentile,round_number
0.0027230833682446586,0.0,0.0,0.0,0
0.6869850579527998,0.6944444444444444,0.5,0.8333333333333334,20
0.758902387934646,0.7717121588089331,0.5893899204244032,0.8921763869132291,40
0.7867616254713029,0.8,0.6312781954887218,0.9033794162826421,60
0.8130847646976679,0.8181818181818182,0.6764705882352942,0.9168918918918919,80
0.808616115067728,0.8214285714285714,0.6666666666666666,0.9124801271860097,100
