average,median,10th percentile,90th percentile,round_number
0.0033076074972436605,0.0,0.0,0.023928571428571438,0
