average,median,10th percentile,90th percentile,round_number
0.0025463466136695337,0.0029239766081871343,0.0,0.003776454551976469,0
