average,median,10th percentile,90th percentile,round_number
0.0033076074972436605,0.0,0.0,0.023928571428571438,0
0.557883131201764,0.5677655677655677,0.361,0.7183760683760684,10
0.7133406835722161,0.7142857142857143,0.49883720930232556,0.875,20
0.7513781697905182,0.7670542635658915,0.6035610465116279,0.8788153310104531,30
0.7320837927232635,0.75,0.5115384615384615,0.8863636363636364,40
0.7913450937155457,0.8102025506376593,0.6176470588235294,0.9051948051948052,50
