average,median,10th percentile,90th percentile,round_number
0.0033076074972436605,0.0,0.0,0.023928571428571438,0
0.5598125689084895,0.5694980694980695,0.3743421052631579,0.7225,10
0.7122381477398015,0.7142857142857143,0.49883720930232556,0.875,20
