{"meter": 1.0, "m": 1.0, "milimeter": 0.001, "mm": 0.001, "inch": 0.0254, "in": 0.0254, "international_foot": 0.3048, "foot": 0.3048, "ft": 0.3048, "us_survey_foot": 0.30480061, "s_foot": 0.30480061, "s_ft": 0.30480061, "international_yard": 0.9144, "yard": 0.9144, "yd": 0.9144, "kilogram": 1.0, "kg": 1.0, "pound_mass": 0.45359237, "lb": 0.45359237, "newton": 1.0, "N": 1.0, "pound_force": 4.4482216152605, "lbf": 4.4482216152605, "kip": 4448.2216, "radian": 1.0, "rad": 1.0, "arc_degree": 0.174533, "deg": 0.174533, "gravity": 9.80665}