average,median,10th percentile,90th percentile,round_number
0.0,0.0,0.0,0.0,0
0.15384615384615385,0.15384615384615385,0.15384615384615385,0.15384615384615385,1
0.15384615384615385,0.15384615384615385,0.15384615384615385,0.15384615384615385,2
0.15384615384615385,0.15384615384615385,0.15384615384615385,0.15384615384615385,3
0.1794871794871795,0.1794871794871795,0.1794871794871795,0.1794871794871795,4
0.1794871794871795,0.1794871794871795,0.1794871794871795,0.1794871794871795,5
